ph,chlorine,hardness,nitrate,label
6.9,0.93,47.9,1.9,Safe
6.03,4.34,349.8,62.75,Unsafe
6.83,2.65,209.3,15.06,Caution
7.46,2.48,405.3,27.16,Unsafe
7.06,1.41,86.0,11.9,Caution
7.03,2.25,139.3,20.54,Caution
6.94,1.7,229.7,32.39,Caution
7.51,0.82,119.0,10.12,Safe
6.87,2.09,253.3,28.77,Caution
6.44,0.87,279.3,33.92,Caution
6.87,0.9,90.5,0.9,Safe
9.92,0.07,332.8,89.55,Unsafe
7.98,0.35,134.1,9.1,Safe
9.67,0.09,338.1,71.81,Unsafe
9.93,0.05,451.7,15.61,Unsafe
7.79,0.43,116.9,0.0,Safe
5.74,0.41,297.0,14.1,Unsafe
7.23,0.59,78.4,11.46,Caution
7.62,2.4,256.1,31.26,Caution
7.62,1.68,125.1,9.28,Safe
7.65,2.22,338.0,6.52,Caution
6.41,1.05,287.6,31.75,Caution
5.48,0.08,337.8,54.64,Unsafe
5.08,0.14,233.6,109.88,Safe
9.62,4.33,487.3,49.3,Unsafe
7.36,0.91,285.4,44.11,Caution
6.55,1.79,242.9,21.47,Caution
6.74,0.12,81.5,4.05,Caution
6.5,0.51,278.7,22.79,Caution
9.02,0.05,390.1,67.98,Unsafe
6.22,1.2,191.5,15.28,Caution
6.95,0.81,7.6,4.38,Safe
7.27,0.65,140.1,7.73,Safe
7.58,0.9,117.7,3.53,Safe
6.42,1.03,158.1,9.73,Caution
6.48,1.44,225.5,20.49,Caution
6.15,0.0,314.7,65.19,Unsafe
7.13,1.07,16.2,4.87,Safe
5.18,1.87,213.2,21.49,Unsafe
6.62,1.63,205.0,1.61,Caution
5.47,7.58,387.8,51.29,Unsafe
7.55,1.03,64.6,4.16,Safe
4.82,0.1,396.0,59.39,Unsafe
6.11,1.12,170.1,25.96,Caution
8.42,1.89,227.0,23.71,Caution
9.03,0.02,478.0,75.06,Unsafe
6.26,0.0,227.0,0.0,Unsafe
9.29,0.09,356.1,52.11,Unsafe
6.2,0.79,84.2,0.0,Caution
7.53,2.36,308.8,20.1,Unsafe
7.48,0.88,80.5,4.66,Safe
7.39,1.52,110.3,0.44,Safe
5.84,2.88,195.9,14.49,Unsafe
7.19,0.49,66.3,2.6,Safe
6.58,0.34,107.1,0.0,Safe
6.48,0.14,188.0,30.89,Caution
6.88,1.17,39.3,8.72,Safe
7.37,0.7,95.1,0.67,Safe
7.27,0.4,249.9,22.89,Caution
6.63,1.79,315.2,24.22,Caution
6.91,0.89,69.5,5.8,Safe
6.55,0.2,247.2,17.5,Caution
6.17,1.9,223.1,26.81,Caution
8.19,0.11,455.0,45.94,Unsafe
7.11,0.82,64.3,6.46,Safe
5.35,4.12,303.4,30.6,Unsafe
7.21,0.82,82.7,6.17,Safe
5.91,4.68,455.0,101.24,Unsafe
7.48,2.71,216.2,19.89,Caution
7.84,1.43,298.4,25.52,Caution
5.3,0.08,355.1,90.2,Unsafe
7.19,1.05,79.3,3.77,Safe
7.08,1.12,64.8,4.43,Safe
7.04,1.52,193.6,0.0,Caution
7.81,1.37,270.4,24.37,Caution
5.41,0.13,366.3,62.15,Unsafe
8.74,0.0,685.7,67.33,Unsafe
7.07,3.69,311.0,18.93,Unsafe
7.36,1.13,27.6,8.4,Safe
6.97,0.25,94.3,3.59,Safe
7.18,0.95,68.4,4.61,Safe
6.09,0.01,401.1,58.04,Unsafe
7.57,0.95,203.4,8.16,Caution
5.5,1.81,334.2,17.47,Unsafe
5.48,4.72,556.0,53.99,Unsafe
7.81,1.01,96.1,4.21,Safe
6.79,2.33,264.1,33.47,Caution
7.28,1.24,93.1,6.18,Safe
9.69,4.25,385.8,63.4,Unsafe
6.31,4.36,226.7,52.08,Unsafe
6.97,0.8,38.3,9.27,Safe
7.37,0.89,13.2,0.0,Safe
7.14,1.27,59.7,0.13,Safe
5.47,4.18,474.0,107.2,Unsafe
6.94,0.76,48.1,10.97,Safe
6.85,1.15,96.0,0.83,Safe
7.07,0.32,121.5,2.82,Safe
7.36,0.44,62.9,6.53,Safe
5.62,0.11,420.1,68.79,Unsafe
7.44,0.9,182.9,15.44,Caution
7.31,0.81,116.1,7.33,Safe
7.42,3.0,167.4,19.74,Caution
6.81,1.34,354.5,0.0,Caution
6.07,1.03,176.3,29.72,Caution
6.5,1.07,215.4,25.23,Caution
7.35,0.49,157.0,4.51,Caution
7.47,0.96,124.1,3.32,Safe
7.0,0.43,146.9,12.47,Safe
6.06,0.05,348.0,87.66,Unsafe
8.8,0.1,416.7,44.06,Unsafe
7.26,1.58,45.6,4.92,Safe
6.72,1.17,248.4,18.14,Caution
6.82,0.71,127.5,6.81,Safe
9.2,0.12,360.5,48.71,Unsafe
7.1,0.0,172.9,34.05,Caution
7.23,0.93,228.2,36.9,Caution
5.67,1.43,268.7,12.3,Unsafe
5.67,5.11,455.2,1.66,Unsafe
7.29,1.39,262.9,13.5,Caution
7.36,0.97,112.0,5.4,Safe
6.45,0.06,257.9,50.0,Unsafe
6.21,0.8,87.4,27.65,Caution
7.77,1.4,103.6,4.09,Safe
6.75,0.84,257.3,13.96,Caution
8.71,5.67,403.9,75.54,Unsafe
7.27,1.4,74.7,2.82,Safe
6.76,3.81,303.5,13.47,Unsafe
8.18,0.74,92.5,1.11,Safe
5.78,0.0,505.8,65.45,Unsafe
5.81,5.59,516.2,74.09,Unsafe
7.99,0.81,233.0,21.64,Safe
5.3,3.57,548.0,70.5,Unsafe
8.04,0.53,23.6,8.86,Safe
7.07,2.01,241.8,28.97,Caution
8.78,0.11,351.5,84.53,Unsafe
5.64,4.96,440.0,52.65,Unsafe
7.36,0.81,66.9,10.03,Safe
7.48,2.78,272.5,32.81,Caution
7.78,0.84,234.2,12.57,Caution
6.9,0.34,91.5,6.18,Safe
9.13,3.83,393.2,59.43,Unsafe
9.99,0.05,512.2,53.13,Unsafe
7.27,0.35,117.0,8.8,Safe
7.49,0.04,287.1,37.11,Caution
6.78,0.54,74.4,7.81,Unsafe
7.74,0.66,73.4,0.24,Safe
7.35,0.74,95.1,4.75,Safe
5.26,3.86,424.5,58.89,Unsafe
6.88,0.3,162.2,20.51,Caution
7.7,0.89,125.1,8.24,Safe
8.98,3.68,441.3,57.25,Unsafe
7.37,0.82,102.8,9.7,Safe
5.81,1.84,263.5,27.75,Unsafe
6.53,0.83,155.3,19.0,Caution
4.73,0.08,581.1,52.97,Unsafe
9.11,0.0,189.0,44.67,Unsafe
7.29,0.85,113.4,32.2,Safe
7.42,0.09,24.9,4.16,Caution
7.04,0.96,104.5,4.57,Safe
7.17,0.56,56.5,9.34,Safe
7.56,0.98,140.4,5.49,Safe
8.33,4.7,437.9,64.88,Unsafe
6.26,0.0,211.8,36.48,Safe
6.95,0.63,74.6,8.97,Safe
9.25,4.97,362.0,18.02,Unsafe
6.62,0.0,450.9,54.94,Unsafe
7.4,0.92,116.7,8.53,Safe
6.83,0.85,55.9,6.46,Safe
6.7,1.53,189.4,36.82,Caution
9.24,0.0,487.7,65.4,Unsafe
7.09,0.83,161.3,0.0,Caution
7.39,0.58,64.5,9.12,Safe
10.0,4.67,439.3,42.76,Unsafe
10.01,0.06,310.3,40.14,Unsafe
7.22,0.89,96.8,11.62,Safe
7.78,1.01,109.7,5.05,Safe
6.49,0.06,334.0,71.64,Unsafe
6.66,1.41,284.3,3.9,Caution
6.86,0.74,41.5,0.77,Safe
7.04,0.68,95.2,6.68,Safe
6.75,0.37,83.2,3.22,Safe
7.2,1.04,93.0,21.47,Caution
7.64,1.88,30.2,2.78,Safe
6.63,1.39,62.9,8.08,Safe
10.01,3.5,615.9,69.4,Unsafe
6.15,1.09,54.9,0.73,Caution
6.97,0.47,209.8,35.81,Caution
9.59,0.1,282.8,48.0,Unsafe
9.74,0.11,259.5,79.32,Unsafe
7.19,1.13,63.2,3.26,Safe
8.17,2.85,115.6,15.34,Caution
7.3,1.53,37.5,4.98,Safe
7.66,0.88,135.2,6.23,Safe
7.04,2.07,274.2,26.97,Caution
5.66,4.64,494.4,62.73,Unsafe
7.47,1.09,91.5,2.57,Safe
7.23,1.52,102.5,7.89,Safe
7.33,1.46,253.6,15.67,Caution
7.04,1.55,271.8,28.07,Caution
7.16,0.86,93.7,7.54,Safe
6.61,1.56,334.8,19.23,Caution
7.14,0.96,98.6,6.48,Safe
6.99,0.13,123.9,6.34,Caution
9.11,0.04,298.9,97.84,Unsafe
6.95,1.1,25.0,8.82,Safe
7.23,0.62,51.5,5.7,Safe
8.94,0.06,590.1,31.22,Unsafe
7.25,0.6,217.5,22.67,Caution
8.52,0.0,280.1,0.0,Caution
6.8,1.59,115.6,26.62,Caution
7.47,2.24,207.7,21.59,Unsafe
7.15,1.95,236.5,17.05,Caution
7.33,0.55,37.6,2.86,Safe
7.06,0.93,139.9,7.44,Safe
10.02,0.16,360.3,47.76,Unsafe
7.49,1.81,76.8,3.63,Safe
5.12,4.75,422.6,58.43,Unsafe
7.09,2.69,314.3,37.7,Unsafe
7.47,1.04,97.5,4.87,Safe
7.14,0.51,262.8,10.16,Caution
6.07,1.24,203.9,4.78,Caution
7.19,1.3,136.0,8.6,Safe
6.52,1.33,252.6,13.93,Caution
7.47,0.99,111.4,0.0,Safe
9.39,3.52,303.6,85.33,Unsafe
5.84,0.0,597.4,39.06,Unsafe
7.08,0.98,145.7,4.48,Safe
6.98,0.49,95.7,7.19,Safe
7.28,2.42,227.6,0.0,Caution
6.13,3.21,348.9,68.2,Unsafe
8.95,5.49,477.0,79.35,Unsafe
7.92,2.61,237.8,8.53,Caution
6.32,0.62,140.1,29.95,Safe
6.79,1.2,285.8,14.78,Caution
9.27,6.36,436.8,99.5,Unsafe
9.09,3.82,336.9,81.14,Unsafe
6.49,0.05,407.6,77.95,Unsafe
10.21,4.55,578.1,50.14,Unsafe
4.98,0.06,283.1,54.23,Unsafe
7.04,2.64,124.9,22.31,Caution
7.42,1.02,116.3,7.62,Safe
9.44,4.34,339.2,44.47,Unsafe
7.31,1.24,49.2,11.03,Caution
7.2,0.79,81.2,7.98,Safe
5.37,4.19,189.2,75.38,Unsafe
10.07,2.73,382.9,26.81,Unsafe
6.32,1.9,90.5,21.63,Caution
7.03,1.33,104.1,0.0,Safe
9.2,0.15,360.9,94.12,Unsafe
7.35,1.65,153.0,26.15,Caution
7.0,1.39,163.3,31.92,Caution
5.29,4.27,425.9,33.57,Unsafe
7.84,0.54,121.9,2.83,Safe
7.63,1.13,59.2,7.02,Safe
7.13,0.6,151.5,1.91,Safe
7.03,2.29,202.7,21.92,Caution
6.92,0.41,123.0,6.48,Safe
7.06,1.38,91.8,9.29,Safe
7.47,1.19,71.3,3.79,Safe
7.63,1.56,89.4,1.12,Safe
7.11,1.33,246.8,21.4,Caution
6.25,0.47,250.6,37.29,Caution
7.47,1.65,87.8,0.97,Safe
7.57,1.06,43.4,1.02,Safe
4.75,0.09,383.5,42.66,Unsafe
7.94,1.33,117.5,2.11,Safe
5.89,2.84,391.2,65.92,Unsafe
6.4,2.23,294.2,21.49,Caution
9.46,4.85,366.7,93.8,Unsafe
7.22,3.29,267.6,5.95,Caution
5.73,4.36,550.9,79.35,Unsafe
9.19,0.08,450.8,42.59,Unsafe
7.38,0.68,141.3,4.2,Safe
9.67,5.14,328.6,44.35,Unsafe
7.09,1.61,29.3,6.5,Safe
5.86,2.38,197.2,25.77,Unsafe
5.22,0.0,496.7,65.86,Unsafe
7.03,0.93,186.9,7.5,Caution
7.29,1.07,101.8,2.47,Safe
5.65,4.55,496.1,20.94,Unsafe
7.98,1.34,140.7,13.4,Caution
7.3,1.25,61.1,4.99,Safe
6.42,2.17,219.4,8.24,Caution
6.82,0.98,111.6,5.0,Safe
8.19,0.04,541.6,35.68,Unsafe
8.76,0.09,361.9,80.19,Unsafe
8.85,5.12,380.0,37.04,Unsafe
7.41,0.97,267.3,30.22,Caution
6.85,0.0,287.4,42.65,Caution
5.18,4.19,403.5,49.53,Unsafe
9.87,0.0,416.6,75.58,Unsafe
7.07,0.42,122.9,4.72,Safe
7.66,0.64,125.3,0.92,Safe
9.14,0.04,93.7,85.45,Unsafe
5.5,5.28,250.8,61.07,Unsafe
6.4,0.83,214.6,28.15,Caution
9.82,3.61,281.5,80.68,Unsafe
6.92,0.49,82.8,10.29,Caution
6.31,1.4,202.3,25.58,Caution
4.94,0.05,365.6,76.03,Unsafe
5.76,0.12,547.8,75.7,Unsafe
7.57,2.02,10.4,7.09,Caution
7.1,1.82,285.1,27.51,Caution
10.16,0.07,430.0,88.89,Unsafe
6.79,0.26,216.8,5.45,Safe
6.52,0.99,114.3,0.42,Safe
7.81,1.3,20.4,0.46,Safe
7.1,1.76,183.0,21.77,Caution
6.98,0.52,77.6,1.69,Safe
9.31,0.13,480.3,56.0,Unsafe
7.2,2.14,197.6,43.21,Caution
6.57,0.59,149.0,22.87,Caution
7.15,1.04,80.7,3.05,Safe
6.85,1.72,127.1,5.82,Safe
6.78,2.34,140.1,5.32,Unsafe
8.5,1.36,132.6,15.02,Safe
6.99,1.17,67.2,3.64,Safe
5.43,6.43,462.5,102.41,Unsafe
5.79,0.73,253.9,22.21,Unsafe
7.04,0.48,150.7,9.64,Safe
10.11,3.75,335.1,45.82,Unsafe
7.83,0.66,97.7,1.13,Safe
5.93,0.01,476.9,68.9,Unsafe
6.58,2.11,242.5,30.66,Caution
5.48,5.56,369.4,72.83,Unsafe
5.91,3.74,432.1,72.85,Unsafe
7.35,0.7,128.8,2.35,Safe
5.68,1.79,265.7,19.2,Unsafe
9.84,0.0,372.5,75.59,Unsafe
5.35,4.81,482.6,65.58,Unsafe
8.94,3.7,405.2,47.53,Unsafe
4.8,0.07,268.0,77.09,Unsafe
10.04,0.0,442.0,57.95,Unsafe
6.48,1.29,134.3,17.77,Caution
7.32,0.89,66.7,5.39,Safe
9.27,3.39,448.6,34.36,Unsafe
6.63,2.1,229.1,24.75,Caution
5.51,0.01,382.3,61.82,Unsafe
5.58,0.0,373.8,41.91,Unsafe
6.23,0.78,48.7,7.41,Caution
6.97,0.39,68.2,7.23,Safe
7.39,0.73,156.1,5.0,Safe
7.0,1.06,83.6,0.0,Safe
6.62,1.14,56.6,6.11,Safe
6.83,2.84,292.6,26.77,Caution
7.11,0.36,38.3,3.25,Safe
7.16,0.87,83.4,5.76,Safe
7.65,0.8,67.9,4.47,Safe
7.45,1.25,70.0,5.66,Safe
7.64,1.0,276.2,14.16,Caution
9.08,3.66,313.4,27.05,Unsafe
7.49,1.4,142.2,6.08,Safe
7.22,0.17,111.5,7.26,Safe
6.85,1.43,66.9,6.5,Safe
5.2,0.07,309.2,65.67,Unsafe
7.03,0.7,114.3,5.77,Safe
6.53,0.45,53.9,4.81,Safe
6.98,2.01,206.4,5.85,Caution
6.15,1.35,387.9,56.6,Unsafe
9.86,0.07,543.9,57.12,Unsafe
8.12,1.37,115.1,4.74,Safe
9.24,0.15,472.6,41.38,Unsafe
6.79,0.86,226.7,18.11,Caution
6.96,1.41,117.0,3.83,Safe
6.75,0.0,122.8,3.64,Safe
9.72,0.02,438.3,94.36,Unsafe
8.3,0.06,531.2,53.7,Unsafe
9.21,7.39,456.6,48.09,Unsafe
6.74,0.87,91.1,3.95,Safe
7.19,0.61,87.9,2.7,Safe
5.78,0.57,220.6,17.92,Unsafe
8.67,5.8,304.3,60.48,Unsafe
7.16,0.9,120.3,4.7,Safe
7.14,0.63,140.1,5.85,Safe
6.84,0.73,47.6,1.16,Safe
6.95,0.1,109.4,24.55,Caution
5.15,0.01,436.2,37.97,Unsafe
6.36,1.45,330.5,9.36,Caution
7.25,1.23,108.3,28.92,Safe
7.12,1.25,65.8,0.54,Safe
7.15,1.73,285.7,14.69,Caution
9.07,4.8,404.4,49.2,Unsafe
9.44,5.62,491.1,57.98,Unsafe
8.47,3.3,360.6,33.28,Unsafe
5.08,0.13,488.1,59.62,Unsafe
7.41,1.46,135.4,26.55,Safe
6.47,0.83,247.6,31.89,Caution
7.66,1.03,118.0,2.18,Safe
6.71,2.82,250.5,23.95,Caution
9.55,0.05,475.9,86.6,Unsafe
7.39,0.43,82.1,5.91,Safe
6.69,1.12,62.6,14.18,Unsafe
8.04,1.26,167.5,12.06,Caution
6.99,1.5,97.6,7.41,Safe
6.69,2.03,239.2,32.21,Caution
5.25,3.95,392.4,71.71,Unsafe
6.38,2.33,186.4,7.93,Caution
6.84,1.26,106.3,1.05,Safe
7.58,0.68,124.5,6.62,Safe
9.18,0.08,372.2,69.41,Unsafe
7.58,1.62,190.1,30.89,Caution
7.77,2.24,235.0,23.64,Caution
7.45,2.19,335.0,14.37,Unsafe
7.06,1.26,274.2,34.89,Caution
6.71,0.86,284.9,18.74,Caution
5.96,0.36,188.1,9.51,Caution
5.98,3.28,453.1,62.28,Unsafe
7.1,1.04,168.2,4.19,Caution
6.83,1.77,156.5,34.97,Caution
9.11,8.43,280.8,46.21,Unsafe
6.51,2.17,209.9,23.96,Caution
7.21,0.35,182.5,32.76,Caution
7.24,0.0,96.3,6.93,Safe
9.08,0.11,342.3,59.66,Unsafe
7.34,1.84,225.4,19.63,Caution
6.68,0.94,57.3,3.67,Safe
9.64,0.04,335.6,54.81,Unsafe
7.63,1.01,102.8,9.07,Safe
7.28,0.51,56.1,11.43,Caution
5.08,0.0,214.2,50.11,Unsafe
6.72,0.55,113.1,6.49,Safe
5.72,1.85,219.6,23.7,Unsafe
7.16,1.11,113.5,3.64,Safe
5.72,0.07,486.9,52.81,Unsafe
7.04,3.13,179.9,24.96,Caution
5.96,0.95,185.1,18.35,Unsafe
7.4,1.08,51.5,3.38,Safe
7.63,0.67,66.6,6.14,Safe
7.52,1.12,64.2,5.07,Safe
6.78,1.94,130.9,33.9,Safe
5.77,1.94,108.9,12.55,Caution
7.07,0.27,63.7,2.27,Safe
6.85,0.78,106.8,12.6,Caution
6.81,3.08,189.2,24.91,Caution
7.37,0.28,206.1,24.57,Caution
5.72,0.04,458.0,74.64,Unsafe
7.4,0.81,84.3,3.72,Safe
7.59,2.09,234.7,23.46,Caution
7.62,1.1,88.1,8.33,Safe
7.27,1.3,7.9,9.77,Safe
8.97,6.81,598.2,60.93,Unsafe
7.12,0.74,85.1,7.55,Safe
5.79,3.84,415.8,48.71,Unsafe
6.72,0.74,66.5,9.41,Safe
7.21,2.38,110.9,6.99,Caution
8.77,0.12,299.1,66.11,Unsafe
6.81,0.9,61.1,6.13,Safe
9.94,0.0,291.2,43.77,Unsafe
6.4,5.23,373.8,56.61,Unsafe
7.37,0.87,272.7,8.27,Caution
7.1,0.66,105.0,5.7,Safe
7.33,0.55,127.1,0.51,Safe
7.43,0.37,81.9,0.15,Safe
6.48,2.58,298.6,87.21,Unsafe
8.92,3.19,395.7,62.36,Unsafe
7.82,1.79,186.9,20.45,Caution
7.59,0.88,21.4,7.12,Safe
6.65,1.85,203.9,26.38,Caution
7.44,0.28,264.2,21.8,Caution
7.24,0.76,80.5,4.94,Safe
7.69,0.98,112.1,5.85,Safe
6.99,2.12,351.2,24.77,Unsafe
7.27,0.77,107.0,6.57,Safe
9.76,3.89,369.4,50.2,Unsafe
6.22,5.52,331.4,40.32,Unsafe
6.76,2.14,205.4,35.22,Caution
6.02,5.44,330.2,39.33,Unsafe
6.77,2.2,184.9,27.89,Caution
6.82,0.81,85.6,3.03,Safe
7.78,2.32,238.9,18.78,Caution
7.61,2.1,132.0,10.98,Caution
7.28,1.06,122.2,2.92,Safe
7.11,1.05,46.9,6.87,Safe
7.79,2.61,196.7,13.17,Unsafe
7.62,1.96,231.2,11.97,Caution
6.77,0.74,110.6,6.78,Safe
8.1,1.72,224.1,27.48,Unsafe
7.19,0.93,66.3,6.6,Safe
6.45,1.4,238.1,31.83,Caution
8.15,0.83,62.1,6.28,Safe
9.85,0.09,431.5,82.63,Unsafe
6.09,0.12,451.7,50.9,Unsafe
7.26,1.09,57.9,5.19,Safe
5.77,1.24,223.4,19.19,Unsafe
7.57,2.82,175.3,15.68,Caution
7.24,0.88,115.6,2.46,Safe
6.91,2.4,267.4,7.78,Caution
6.61,2.57,119.1,23.13,Caution
6.28,1.33,178.6,28.02,Caution
7.44,2.32,236.6,8.5,Caution
7.66,0.56,64.3,0.69,Safe
6.32,2.27,118.8,12.7,Caution
6.64,0.91,82.3,6.02,Safe
7.47,1.01,110.7,4.8,Safe
9.23,3.52,285.3,41.2,Unsafe
6.59,0.63,116.4,14.04,Safe
7.39,0.62,309.6,40.21,Caution
7.15,2.11,100.0,3.86,Caution
4.93,0.06,481.3,62.31,Unsafe
7.04,0.94,66.9,5.43,Safe
7.06,0.9,62.7,7.7,Safe
7.58,0.76,54.0,4.35,Safe
7.85,0.93,8.3,4.72,Safe
7.01,1.05,87.5,0.8,Safe
8.16,0.01,199.2,34.65,Caution
6.86,1.71,199.6,13.1,Caution
6.42,1.79,243.4,26.96,Caution
6.31,4.13,242.5,25.81,Unsafe
7.98,1.4,79.2,4.05,Safe
9.8,6.82,596.0,35.44,Unsafe
6.33,1.44,247.0,11.92,Caution
10.27,0.07,472.2,52.39,Unsafe
5.77,4.79,455.7,59.15,Unsafe
7.0,0.74,47.2,1.74,Safe
6.71,1.62,265.5,22.24,Caution
7.63,0.57,92.6,2.43,Safe
9.25,0.11,422.4,60.04,Unsafe
7.35,1.4,190.2,20.01,Caution
10.44,0.01,455.2,24.71,Unsafe
5.84,1.7,287.5,21.87,Unsafe
7.24,0.69,90.4,9.31,Safe
6.83,2.27,318.7,31.75,Unsafe
7.68,0.92,107.4,6.1,Safe
5.14,3.42,369.5,84.59,Unsafe
7.43,0.68,98.1,4.1,Safe
7.48,1.33,68.6,3.43,Safe
7.69,0.66,161.1,4.9,Caution
6.92,1.52,218.2,19.86,Caution
4.7,3.24,399.7,80.39,Unsafe
7.37,0.61,205.7,20.85,Caution
7.74,0.77,51.3,0.0,Safe
6.07,0.0,85.0,10.05,Caution
7.15,2.34,171.7,18.55,Caution
7.09,1.16,43.7,5.01,Safe
6.04,0.0,392.4,50.98,Unsafe
7.48,2.9,254.2,21.63,Caution
5.99,0.48,262.6,38.71,Unsafe
9.13,0.08,578.5,80.16,Unsafe
5.68,1.63,152.9,18.15,Unsafe
5.92,0.05,603.2,39.53,Unsafe
6.79,0.5,81.8,4.05,Safe
6.18,5.4,356.1,33.12,Unsafe
4.9,0.0,462.6,34.71,Unsafe
6.67,1.92,176.6,22.65,Caution
7.46,0.56,220.7,10.86,Caution
7.31,0.81,77.5,0.9,Safe
8.37,6.86,241.7,92.19,Unsafe
5.27,0.01,429.8,77.74,Unsafe
4.88,0.09,509.9,67.93,Unsafe
6.37,1.9,175.8,20.14,Caution
9.1,5.01,390.6,46.74,Unsafe
7.61,1.27,73.6,4.5,Safe
7.1,1.06,107.7,9.5,Safe
7.05,0.57,162.1,4.43,Caution
6.88,1.45,30.4,0.68,Safe
7.29,0.53,59.1,6.91,Safe
6.97,0.66,226.4,27.11,Caution
9.2,0.01,343.9,67.2,Unsafe
9.37,3.06,393.5,93.41,Unsafe
7.18,0.59,64.1,2.66,Safe
7.55,3.68,163.2,11.78,Caution
7.0,1.47,120.4,3.93,Safe
7.7,0.0,201.2,9.98,Caution
7.09,1.23,62.5,10.21,Caution
9.65,3.89,464.8,56.52,Unsafe
6.68,1.66,193.2,17.12,Caution
7.11,1.26,140.2,23.46,Safe
5.47,0.89,228.3,20.05,Unsafe
6.98,0.68,132.5,7.98,Safe
7.28,0.25,54.9,0.0,Safe
9.98,3.54,455.1,67.91,Unsafe
6.25,2.87,281.4,24.9,Caution
6.71,1.6,231.7,25.62,Caution
9.89,0.09,394.6,71.15,Unsafe
7.36,0.61,130.8,6.08,Safe
7.3,0.79,25.2,4.02,Safe
5.34,6.77,538.5,67.09,Unsafe
7.33,1.19,86.0,10.33,Caution
6.62,0.8,136.4,6.38,Safe
5.37,3.66,434.8,54.69,Unsafe
6.62,1.11,123.5,4.22,Safe
5.84,2.86,278.1,46.18,Unsafe
6.38,1.66,182.7,12.55,Caution
6.97,0.53,70.1,3.14,Safe
7.11,2.58,249.2,23.39,Caution
5.11,4.01,363.6,37.02,Unsafe
6.11,5.87,402.0,36.02,Unsafe
9.17,0.09,308.9,56.56,Unsafe
6.66,0.79,128.3,6.65,Safe
7.54,0.78,119.0,5.56,Safe
6.67,1.58,217.6,23.75,Caution
7.0,0.91,81.2,2.64,Safe
6.25,0.68,71.6,1.94,Caution
8.26,0.67,224.2,10.24,Caution
7.09,0.79,72.2,0.06,Safe
7.05,0.94,262.1,50.45,Caution
7.31,0.98,145.2,1.8,Safe
7.56,0.92,266.7,18.1,Caution
9.36,0.03,300.6,65.89,Unsafe
9.07,2.03,528.7,47.17,Unsafe
6.86,1.26,37.1,8.19,Safe
9.12,3.66,404.3,58.27,Unsafe
6.56,1.04,299.5,25.3,Caution
8.08,5.96,510.9,28.16,Unsafe
6.01,0.0,399.2,78.61,Unsafe
7.89,1.76,0.0,4.71,Safe
8.65,4.47,359.7,41.11,Unsafe
8.37,2.77,176.7,19.26,Caution
7.41,2.25,267.1,25.63,Caution
6.29,0.46,217.1,17.34,Caution
7.16,0.86,91.1,6.42,Safe
5.88,2.43,204.8,19.88,Unsafe
7.72,0.86,62.5,3.45,Safe
6.51,1.22,63.0,4.9,Safe
6.14,1.69,146.3,0.2,Safe
6.96,1.04,109.8,10.51,Caution
7.32,0.82,157.0,2.28,Caution
9.35,3.53,219.2,90.87,Unsafe
8.57,0.01,421.9,81.31,Unsafe
5.72,0.09,369.3,62.09,Unsafe
6.57,2.94,226.2,16.41,Caution
9.4,0.01,439.1,70.91,Unsafe
7.2,0.51,29.3,5.41,Safe
7.62,0.67,249.0,15.92,Caution
7.36,0.86,147.5,5.93,Safe
7.18,0.4,276.3,18.65,Caution
6.52,0.46,0.0,4.3,Safe
9.22,4.57,413.8,69.04,Unsafe
6.76,0.99,121.3,5.82,Safe
9.79,0.07,520.3,51.47,Unsafe
6.3,1.63,230.4,3.44,Caution
7.57,2.63,167.7,24.39,Caution
7.08,2.51,120.5,21.92,Caution
7.74,1.3,88.9,1.54,Safe
7.3,0.95,0.0,2.28,Safe
7.27,0.3,71.0,8.44,Safe
7.25,1.16,111.4,15.97,Safe
9.71,4.47,436.5,71.12,Unsafe
6.67,0.54,71.2,8.69,Safe
7.39,0.56,86.3,0.48,Safe
8.06,0.34,53.3,1.88,Unsafe
7.53,2.02,254.1,4.29,Caution
7.14,0.87,30.2,4.56,Safe
6.19,2.85,376.3,64.11,Unsafe
7.42,0.48,95.7,9.94,Safe
7.22,0.77,128.7,4.01,Safe
4.54,3.71,284.3,40.69,Unsafe
6.43,0.37,85.4,3.58,Caution
7.2,0.79,174.9,2.55,Safe
6.99,0.7,87.7,5.2,Safe
7.4,0.84,73.1,5.54,Safe
8.93,5.77,324.5,5.21,Unsafe
5.71,2.82,243.5,32.11,Unsafe
6.97,0.92,49.9,6.29,Safe
7.13,0.0,146.5,37.01,Caution
7.2,0.69,111.9,4.16,Safe
9.8,5.19,302.8,74.79,Unsafe
5.98,0.57,217.4,30.68,Unsafe
7.45,1.38,146.9,5.61,Safe
6.96,0.81,90.7,4.9,Safe
6.39,1.59,116.5,9.41,Safe
7.82,0.69,95.9,7.56,Unsafe
6.63,1.0,246.0,24.52,Caution
5.58,0.1,479.6,51.06,Unsafe
9.13,0.03,389.5,62.99,Unsafe
6.89,1.46,126.5,4.59,Safe
6.95,0.96,167.0,4.95,Caution
6.92,0.44,138.4,7.73,Safe
7.31,1.1,58.2,5.11,Safe
7.21,1.37,187.9,15.46,Caution
5.54,0.11,424.9,80.17,Unsafe
9.73,6.95,337.4,55.23,Unsafe
7.77,1.34,90.9,4.12,Safe
7.42,1.21,109.5,4.52,Safe
6.82,0.42,117.2,7.13,Safe
6.51,0.84,221.3,38.28,Caution
7.38,3.27,172.8,0.0,Caution
7.67,1.13,59.4,3.06,Safe
7.34,0.99,79.3,3.42,Safe
6.96,2.51,357.2,6.93,Caution
6.31,2.21,258.4,13.94,Caution
6.54,0.07,349.9,29.01,Unsafe
7.16,3.47,169.3,30.59,Caution
7.21,1.39,90.2,2.69,Safe
9.86,3.93,315.4,80.53,Unsafe
4.89,5.08,543.9,74.65,Unsafe
7.24,1.01,62.6,4.62,Safe
6.97,1.02,59.3,3.14,Safe
7.13,0.75,127.8,8.6,Safe
7.18,1.12,68.0,0.0,Safe
9.4,4.4,333.2,36.27,Unsafe
5.56,0.07,455.8,33.25,Unsafe
4.93,0.12,366.4,22.83,Unsafe
6.33,0.02,436.1,86.76,Unsafe
7.29,1.26,84.3,3.26,Safe
9.12,0.0,408.6,36.39,Unsafe
6.13,0.06,317.6,58.5,Unsafe
5.64,3.52,228.4,51.17,Unsafe
6.8,0.94,242.7,26.53,Caution
7.1,1.32,259.6,21.85,Caution
7.79,1.15,48.3,6.47,Safe
5.06,3.86,492.7,87.22,Unsafe
6.7,1.17,111.0,3.36,Safe
5.51,0.09,404.7,42.65,Unsafe
5.99,0.09,456.0,71.32,Unsafe
6.12,0.06,352.9,74.79,Unsafe
5.49,3.29,211.2,27.81,Unsafe
8.16,1.2,61.6,6.77,Safe
7.01,1.86,308.4,34.26,Caution
9.75,3.8,416.4,47.19,Unsafe
7.4,1.14,42.1,2.06,Safe
8.31,3.63,638.4,58.68,Unsafe
7.39,0.61,75.6,5.27,Safe
6.46,1.21,66.3,8.66,Unsafe
6.82,1.2,73.0,6.64,Safe
7.48,0.84,79.9,0.0,Safe
6.83,1.19,88.3,4.04,Safe
5.06,0.13,408.2,59.35,Unsafe
6.29,1.69,155.3,26.24,Caution
7.66,0.93,225.5,31.55,Caution
6.49,1.09,198.6,4.63,Caution
6.28,1.57,279.6,11.49,Caution
7.93,1.82,173.9,22.34,Caution
6.03,1.81,224.0,39.14,Caution
7.3,0.78,7.0,3.39,Safe
8.48,2.1,192.2,26.65,Caution
7.22,0.76,26.7,4.49,Safe
7.28,0.82,88.7,2.84,Safe
5.06,0.0,341.5,52.59,Unsafe
7.85,0.78,117.2,0.0,Safe
7.6,0.87,82.9,6.12,Safe
7.49,0.35,87.7,3.31,Safe
7.19,0.63,142.8,37.83,Caution
9.31,4.42,266.7,30.56,Unsafe
5.67,2.38,497.4,60.17,Unsafe
6.83,0.99,47.6,6.28,Safe
5.49,5.46,406.0,65.01,Unsafe
9.75,4.5,430.3,70.23,Unsafe
7.18,0.78,98.6,8.39,Safe
6.77,1.14,95.1,12.78,Caution
6.94,2.17,205.8,17.47,Caution
6.3,1.92,264.8,21.12,Caution
6.38,1.74,249.9,38.43,Caution
7.54,1.21,55.6,2.43,Safe
5.05,0.03,125.1,59.22,Unsafe
8.42,1.25,187.7,10.91,Caution
7.35,1.11,74.8,7.37,Safe
6.96,0.57,122.8,3.91,Safe
7.93,2.49,240.2,11.95,Caution
5.49,2.0,289.1,25.64,Unsafe
7.12,0.77,100.1,4.24,Safe
8.69,5.54,365.6,28.72,Unsafe
7.31,0.5,114.9,1.46,Safe
9.69,5.21,472.3,44.63,Unsafe
6.86,1.27,284.9,16.58,Caution
4.25,5.69,332.2,46.23,Unsafe
7.2,0.39,45.8,5.09,Safe
7.06,1.51,116.9,3.33,Safe
7.79,1.02,75.3,2.2,Safe
7.02,0.19,252.6,32.25,Caution
7.14,0.15,111.6,6.67,Caution
6.5,2.41,178.4,36.85,Caution
6.53,0.67,126.2,24.19,Safe
9.54,0.0,476.4,93.75,Unsafe
9.06,5.46,414.9,85.76,Unsafe
9.57,0.03,202.2,54.77,Unsafe
7.43,0.91,73.9,3.7,Safe
6.37,0.0,193.9,25.69,Caution
7.2,1.13,64.5,5.12,Safe
9.13,6.32,352.3,81.01,Unsafe
7.89,0.06,154.4,26.17,Caution
6.96,0.75,188.2,22.73,Caution
6.68,1.86,287.1,17.33,Caution
6.95,1.44,200.7,23.99,Caution
7.05,0.91,109.0,4.96,Unsafe
6.73,0.36,148.3,4.73,Safe
6.94,0.98,89.1,5.65,Safe
7.03,0.67,94.4,3.77,Safe
4.93,0.09,483.1,56.83,Unsafe
9.75,0.07,323.4,78.55,Unsafe
6.93,0.68,53.0,1.84,Safe
5.9,0.0,592.3,82.55,Unsafe
6.74,0.42,107.2,11.19,Caution
7.5,0.99,107.7,0.71,Safe
8.6,0.12,470.4,10.42,Unsafe
6.54,1.31,250.6,20.95,Caution
5.19,0.03,510.8,77.21,Unsafe
9.13,0.04,498.9,5.22,Unsafe
7.91,0.96,175.7,5.53,Caution
6.02,0.15,433.9,52.61,Unsafe
7.41,0.88,95.8,6.07,Safe
10.26,1.17,493.8,59.83,Unsafe
7.07,0.97,214.6,6.02,Caution
7.05,1.07,25.7,2.63,Safe
5.53,5.37,516.9,36.61,Unsafe
7.55,0.69,25.5,0.0,Safe
7.23,0.39,54.0,2.75,Safe
6.71,1.31,78.7,4.39,Safe
7.68,0.99,61.2,9.73,Safe
9.45,4.58,402.6,63.66,Unsafe
7.1,0.72,139.0,1.86,Safe
7.02,1.35,108.8,3.84,Safe
7.09,1.03,111.5,4.58,Safe
6.8,0.54,86.7,6.51,Safe
6.85,1.71,311.6,26.38,Caution
6.3,5.61,465.5,74.91,Unsafe
7.24,0.82,56.5,2.05,Safe
7.54,0.8,116.5,5.23,Safe
7.52,1.0,110.5,5.19,Safe
7.21,0.45,128.9,3.49,Safe
6.88,2.36,287.8,13.7,Caution
6.76,1.07,46.6,0.54,Safe
5.07,0.05,281.3,55.28,Unsafe
5.65,0.05,520.7,53.42,Unsafe
10.16,0.06,336.6,52.71,Unsafe
9.14,3.84,581.5,60.11,Unsafe
6.97,1.14,140.3,3.61,Safe
7.26,0.83,113.7,3.89,Safe
7.0,1.28,112.0,10.13,Safe
6.69,1.1,132.8,5.23,Safe
9.9,6.28,411.5,53.91,Unsafe
7.12,3.2,317.4,25.6,Unsafe
6.79,0.99,92.3,3.61,Safe
6.9,1.68,124.8,7.91,Safe
7.16,1.03,115.1,4.72,Safe
7.39,0.0,289.7,30.21,Caution
6.94,2.12,109.4,15.22,Unsafe
7.18,1.52,41.1,6.55,Safe
9.34,6.27,309.9,48.25,Unsafe
5.95,2.23,336.5,29.21,Unsafe
7.59,0.87,73.0,3.32,Safe
8.0,0.58,299.7,15.44,Caution
7.92,0.91,80.8,1.5,Safe
7.5,0.0,103.4,12.71,Caution
6.03,0.11,382.4,68.01,Unsafe
6.87,1.5,169.8,28.62,Caution
7.92,0.65,245.7,18.8,Caution
7.31,0.64,122.1,4.67,Safe
8.92,6.45,391.7,60.93,Unsafe
4.91,0.09,546.8,75.73,Unsafe
6.68,1.47,96.2,2.28,Safe
9.89,5.27,400.9,67.66,Unsafe
10.29,0.2,425.5,52.04,Unsafe
6.48,2.19,230.3,7.77,Caution
6.75,1.04,27.5,3.67,Safe
6.63,0.64,19.5,1.95,Safe
7.33,0.42,133.9,5.09,Safe
7.48,1.57,65.4,2.04,Safe
7.06,0.81,76.8,7.75,Safe
7.31,0.87,71.4,11.64,Caution
8.95,0.09,462.2,59.26,Unsafe
6.98,0.93,82.3,7.13,Safe
10.25,0.05,132.7,64.1,Unsafe
6.67,0.79,263.7,10.29,Caution
8.24,3.7,462.7,65.09,Unsafe
7.13,1.27,88.9,2.06,Safe
7.13,0.41,127.6,20.88,Caution
6.93,0.5,14.5,4.2,Safe
6.03,0.01,515.8,56.32,Unsafe
7.1,1.11,33.0,9.79,Safe
6.49,7.41,410.2,89.24,Unsafe
7.42,1.12,106.8,6.22,Safe
7.09,0.87,100.6,27.41,Safe
5.08,0.0,328.1,55.84,Unsafe
7.82,0.58,64.3,2.09,Safe
5.91,0.08,223.7,83.77,Unsafe
6.0,2.82,365.3,17.24,Unsafe
9.42,6.32,512.2,48.3,Unsafe
7.09,0.53,101.4,4.02,Safe
7.47,0.92,58.8,4.23,Safe
7.31,0.65,68.0,7.32,Safe
7.15,0.47,119.5,2.25,Safe
7.45,0.87,50.1,4.58,Safe
4.77,0.0,381.7,47.12,Unsafe
7.36,2.62,255.0,28.54,Caution
6.69,0.53,137.5,2.8,Safe
4.52,0.07,415.8,80.45,Unsafe
4.46,0.0,341.6,49.43,Unsafe
6.14,0.04,278.8,75.2,Safe
7.48,1.42,103.0,7.77,Safe
9.71,0.04,417.1,44.44,Unsafe
8.0,0.03,350.7,73.19,Unsafe
6.93,1.48,66.0,2.95,Safe
7.15,2.12,170.4,29.18,Caution
7.37,2.48,210.7,36.31,Caution
6.76,1.45,271.3,8.74,Caution
5.55,0.06,330.8,55.12,Unsafe
7.86,1.78,61.0,18.59,Caution
9.11,4.08,336.7,97.44,Unsafe
9.31,0.03,383.1,28.36,Unsafe
7.31,0.64,91.0,0.2,Safe
9.53,0.14,381.8,71.51,Unsafe
6.11,2.15,91.7,19.77,Caution
6.82,2.16,150.3,22.32,Caution
7.83,0.85,81.7,4.49,Safe
7.03,3.02,249.3,23.71,Caution
5.96,2.47,311.0,14.03,Unsafe
9.24,4.18,533.6,64.75,Unsafe
7.29,1.59,250.8,17.81,Caution
7.47,0.87,73.6,3.11,Safe
6.28,0.61,95.6,4.7,Caution
7.29,1.2,115.2,6.87,Safe
6.93,1.3,210.3,23.35,Caution
9.18,0.03,447.2,63.05,Unsafe
8.36,0.1,472.6,58.16,Unsafe
6.89,0.17,150.3,10.78,Caution
6.17,0.74,203.1,24.41,Caution
7.35,2.23,253.2,19.59,Caution
7.13,0.27,156.3,7.05,Caution
6.94,1.17,316.9,27.47,Safe
7.02,0.48,120.9,2.67,Safe
7.48,0.91,201.3,5.45,Caution
8.51,0.05,296.3,58.31,Unsafe
6.75,0.0,160.2,34.33,Caution
7.39,0.3,82.5,10.35,Unsafe
5.42,5.22,393.6,69.78,Unsafe
7.07,1.15,253.2,16.17,Caution
6.84,3.2,172.6,29.43,Safe
7.03,0.45,181.3,15.24,Caution
7.37,1.18,111.3,4.36,Safe
8.05,2.02,197.4,16.93,Caution
7.59,2.29,134.7,15.04,Caution
9.25,4.92,484.6,51.05,Unsafe
5.83,4.55,405.3,106.56,Unsafe
7.56,0.88,88.9,3.25,Safe
6.65,2.48,187.7,21.62,Caution
5.84,4.44,516.2,45.85,Unsafe
7.42,0.69,114.0,11.41,Caution
9.05,0.1,479.7,45.98,Unsafe
7.34,1.55,106.4,6.97,Safe
7.11,2.18,263.2,10.47,Caution
9.18,4.23,416.2,57.48,Unsafe
7.29,0.3,65.0,7.32,Safe
6.15,0.11,371.0,53.88,Unsafe
5.37,3.29,362.9,35.15,Unsafe
7.23,3.18,336.9,21.38,Unsafe
6.67,3.84,194.3,16.29,Caution
6.27,2.99,378.4,62.03,Unsafe
7.25,3.11,246.0,26.55,Caution
6.63,0.61,81.7,3.75,Safe
10.01,0.06,390.9,60.66,Unsafe
6.23,0.0,322.9,26.97,Unsafe
7.12,0.62,55.2,1.87,Safe
7.56,0.23,129.5,4.83,Safe
7.3,0.64,152.5,7.66,Safe
6.17,1.12,240.2,19.23,Caution
6.9,1.35,42.7,9.81,Safe
6.58,1.31,244.8,26.61,Caution
5.88,1.19,270.9,37.46,Unsafe
5.55,0.0,510.1,49.59,Unsafe
6.78,1.23,48.0,4.46,Safe
8.19,0.01,305.5,49.73,Unsafe
9.21,4.7,493.5,67.86,Unsafe
7.21,1.14,127.9,4.07,Safe
7.24,0.2,99.3,1.81,Safe
7.93,1.38,223.2,13.35,Caution
6.97,1.2,12.9,6.04,Safe
7.18,1.61,91.6,2.22,Safe
7.34,0.74,173.1,0.0,Caution
7.44,0.07,126.2,1.45,Safe
9.63,0.11,484.3,42.23,Unsafe
7.05,1.59,36.6,6.15,Safe
5.48,5.4,412.9,107.74,Unsafe
7.01,0.91,87.8,7.11,Safe
9.09,4.13,510.4,68.58,Unsafe
8.8,4.84,236.1,19.18,Unsafe
6.96,1.25,81.4,3.05,Safe
6.09,4.21,292.0,79.82,Unsafe
8.42,1.77,259.8,5.14,Caution
5.86,0.09,481.8,32.05,Safe
6.03,1.14,274.9,8.32,Caution
6.74,0.76,167.9,5.65,Safe
10.2,0.0,542.2,50.86,Unsafe
6.97,0.85,61.2,1.25,Safe
7.25,1.32,158.4,7.28,Safe
6.33,2.77,258.0,28.05,Caution
5.86,3.73,386.3,52.04,Unsafe
6.79,1.48,264.2,6.45,Caution
6.46,0.71,81.3,4.35,Caution
4.96,5.98,401.3,82.1,Unsafe
7.03,0.83,65.0,0.0,Safe
6.2,0.1,253.4,38.13,Caution
7.11,1.1,44.8,6.06,Safe
6.92,1.35,238.2,23.25,Unsafe
8.7,5.19,314.5,63.03,Unsafe
7.44,0.69,33.7,7.01,Safe
7.71,2.92,171.0,21.58,Caution
6.77,0.96,104.9,6.21,Safe
6.38,0.03,424.1,54.65,Unsafe
7.09,0.62,281.1,12.61,Caution
9.41,0.07,289.8,73.32,Unsafe
6.46,3.51,280.2,30.22,Unsafe
6.06,2.01,81.0,33.1,Caution
7.3,0.0,216.0,42.83,Caution
7.13,1.54,29.6,7.75,Safe
7.84,0.37,126.0,1.95,Safe
6.48,0.94,181.3,29.33,Caution
5.96,0.11,208.6,80.77,Unsafe
5.4,6.79,522.1,44.04,Unsafe
6.58,1.2,96.2,6.88,Safe
9.74,3.07,293.6,23.43,Caution
6.94,0.85,103.6,5.97,Safe
7.12,1.17,93.6,0.76,Safe
6.79,0.72,88.0,10.31,Caution
6.57,1.05,82.8,5.39,Safe
8.59,0.11,549.6,81.13,Unsafe
5.48,0.12,479.8,50.73,Unsafe
7.73,2.29,322.6,40.51,Unsafe
9.9,3.56,300.8,37.07,Unsafe
6.7,1.37,271.3,24.31,Caution
4.96,0.14,361.3,75.32,Unsafe
6.55,0.8,130.1,6.8,Safe
6.74,1.86,280.1,21.05,Caution
6.71,0.17,164.8,37.68,Caution
7.37,1.38,99.2,5.24,Safe
5.39,1.13,299.7,114.63,Unsafe
7.33,0.9,157.0,4.24,Caution
7.53,1.95,136.2,28.56,Caution
7.44,1.07,65.8,4.49,Safe
6.37,1.16,220.1,23.21,Caution
7.27,0.97,61.6,4.48,Safe
5.14,0.0,389.2,71.09,Unsafe
9.42,0.13,428.7,74.98,Unsafe
7.33,0.98,119.7,3.41,Safe
6.16,0.11,439.2,105.45,Unsafe
7.75,1.95,177.5,20.86,Caution
6.99,0.5,152.0,7.63,Caution
7.63,0.9,86.0,8.19,Safe
6.82,0.39,150.3,5.82,Safe
10.03,5.17,335.7,70.94,Unsafe
6.91,2.39,130.2,8.9,Safe
7.54,0.74,43.5,10.93,Safe
9.18,0.19,274.1,40.86,Unsafe
9.4,0.04,410.8,64.3,Unsafe
5.94,1.57,297.8,23.61,Unsafe
9.91,4.93,490.5,53.86,Unsafe
6.57,1.06,169.6,6.92,Caution
7.93,3.06,219.5,17.46,Caution
7.9,1.11,54.4,3.43,Safe
6.93,0.7,101.0,3.52,Safe
6.7,4.03,243.7,14.81,Unsafe
6.77,1.83,191.3,12.64,Caution
7.02,0.53,88.8,23.5,Caution
6.6,0.62,202.6,17.34,Caution
7.34,0.63,84.0,5.04,Safe
6.94,0.89,111.7,6.19,Safe
6.97,0.38,93.2,2.69,Safe
5.39,4.34,441.4,51.16,Unsafe
5.76,1.49,160.1,21.15,Unsafe
7.27,0.51,72.7,5.42,Safe
7.18,2.31,144.6,28.44,Caution
7.66,0.69,80.3,0.39,Safe
7.21,3.47,309.1,6.95,Caution
7.25,1.28,120.2,4.51,Safe
7.26,1.35,52.4,2.23,Safe
7.34,0.51,115.9,3.01,Safe
6.98,0.02,205.6,34.87,Caution
6.33,4.32,177.0,23.0,Unsafe
6.22,1.21,225.9,41.91,Caution
6.97,1.35,130.5,8.4,Safe
7.21,1.01,109.4,4.6,Safe
7.42,0.91,60.3,1.85,Safe
9.54,6.36,407.6,54.22,Unsafe
7.6,1.45,39.2,9.23,Safe
7.31,1.17,45.5,0.77,Safe
5.3,7.01,433.6,12.44,Unsafe
7.07,1.67,64.4,42.55,Caution
6.94,0.43,77.8,5.27,Safe
6.96,1.08,99.0,3.45,Safe
6.66,1.62,99.8,14.4,Caution
6.96,0.84,52.8,1.32,Safe
6.21,0.0,144.9,23.12,Caution
5.81,0.0,446.0,58.58,Unsafe
4.82,5.2,227.4,0.0,Unsafe
7.79,0.0,56.5,5.02,Caution
7.14,1.06,109.1,1.89,Safe
8.65,0.0,239.4,14.4,Caution
5.49,6.24,268.6,37.44,Unsafe
7.09,2.71,174.7,22.56,Caution
5.11,0.19,560.6,84.11,Unsafe
7.76,2.05,218.2,16.35,Caution
8.81,0.02,541.7,76.15,Unsafe
6.4,1.73,208.4,21.37,Caution
6.92,1.14,64.0,3.44,Safe
7.0,1.34,220.2,24.56,Caution
6.64,0.32,104.9,2.55,Safe
6.36,3.38,373.2,92.09,Unsafe
6.79,0.58,95.4,7.91,Safe
7.23,0.48,96.3,0.94,Safe
6.51,0.89,120.4,6.35,Safe
8.47,0.0,428.7,47.27,Unsafe
6.65,0.6,134.8,5.22,Safe
9.15,0.0,323.3,67.0,Unsafe
6.78,0.0,250.5,31.65,Caution
7.59,1.0,99.3,2.77,Safe
7.16,1.81,223.5,15.59,Caution
7.33,1.28,47.3,2.51,Safe
7.21,0.89,80.5,3.83,Safe
7.02,0.51,134.3,8.2,Caution
8.9,6.12,580.1,68.96,Unsafe
6.41,3.46,185.2,37.56,Caution
9.58,3.11,428.2,34.39,Safe
5.76,3.83,438.6,60.57,Unsafe
8.84,0.08,333.2,65.14,Unsafe
5.34,7.31,362.2,66.48,Unsafe
6.7,1.47,186.2,17.57,Caution
6.86,0.7,106.7,4.03,Safe
6.22,2.8,294.7,31.6,Caution
6.1,4.11,329.1,48.8,Unsafe
6.55,0.74,104.6,1.73,Safe
7.68,1.12,147.0,4.82,Safe
6.71,2.31,217.3,17.13,Caution
7.16,1.27,44.4,4.38,Safe
7.09,1.31,97.0,12.42,Caution
6.73,0.36,58.9,2.11,Safe
9.2,0.07,490.1,81.86,Unsafe
6.88,1.55,256.8,16.58,Caution
8.96,5.17,413.7,51.03,Unsafe
7.17,2.11,226.9,25.3,Caution
6.3,3.12,188.1,32.45,Caution
7.01,0.58,124.2,0.88,Safe
7.42,0.87,230.6,25.52,Caution
9.06,0.0,481.9,53.32,Unsafe
7.33,0.79,83.9,7.89,Safe
7.12,1.32,38.7,3.07,Safe
7.41,1.28,79.7,3.63,Safe
6.49,1.99,284.6,18.57,Caution
5.84,2.22,239.4,21.42,Unsafe
6.88,2.24,182.4,15.15,Caution
6.13,4.43,342.3,51.01,Unsafe
9.12,7.52,488.6,86.09,Unsafe
8.8,4.91,446.0,79.89,Unsafe
6.7,1.13,247.9,32.17,Caution
6.86,0.8,97.9,5.97,Safe
5.62,0.03,460.9,56.24,Unsafe
6.76,0.44,84.6,1.43,Safe
7.03,3.05,232.2,8.17,Caution
9.12,4.88,525.9,58.1,Unsafe
5.0,5.38,228.1,51.93,Unsafe
7.15,1.29,171.6,27.52,Caution
9.83,0.05,413.2,34.13,Unsafe
7.35,1.27,102.7,2.31,Safe
5.32,0.05,409.6,40.69,Safe
6.17,0.33,79.6,11.44,Caution
9.08,0.1,373.6,54.27,Unsafe
7.79,1.02,158.7,4.87,Safe
7.46,1.28,111.3,5.63,Safe
6.82,0.98,111.0,6.0,Safe
7.16,1.13,158.1,45.1,Caution
9.25,4.93,291.2,83.94,Unsafe
7.1,1.04,167.0,32.52,Caution
7.08,0.44,139.1,0.73,Safe
6.87,2.62,295.9,7.78,Caution
7.2,0.36,68.3,3.78,Safe
6.31,1.23,204.3,14.74,Caution
6.96,0.04,216.9,24.81,Caution
6.33,2.64,426.1,59.33,Unsafe
5.76,0.08,555.2,85.54,Unsafe
7.38,0.28,105.9,8.7,Safe
7.33,2.13,214.1,24.45,Caution
8.88,4.36,311.0,50.16,Unsafe
10.3,2.37,334.6,64.31,Unsafe
7.34,0.92,80.4,6.1,Safe
9.6,0.12,437.3,47.53,Caution
7.31,0.91,91.5,5.74,Safe
7.55,0.91,214.3,9.65,Caution
6.5,1.53,216.4,51.96,Caution
5.8,0.0,351.1,88.13,Unsafe
7.05,0.9,54.8,9.95,Safe
7.09,0.36,191.3,0.48,Safe
7.18,2.12,273.0,29.71,Caution
7.22,0.45,88.8,5.16,Safe
8.1,2.67,221.5,19.83,Caution
6.94,1.01,82.0,6.5,Safe
7.63,1.12,115.4,8.57,Safe
4.91,4.2,287.0,47.03,Unsafe
7.68,0.24,139.7,7.81,Safe
10.2,6.12,471.3,40.35,Unsafe
7.64,0.83,238.8,22.68,Caution
6.74,2.31,128.0,16.83,Unsafe
7.21,0.69,146.7,6.09,Safe
7.14,2.34,177.2,32.52,Caution
7.68,0.9,118.5,2.89,Safe
8.91,0.03,470.1,82.36,Unsafe
5.97,4.38,457.2,35.41,Unsafe
7.23,0.91,53.3,7.41,Safe
7.41,0.21,237.9,28.76,Caution
7.06,1.03,203.3,26.41,Caution
7.27,0.51,141.2,7.43,Safe
6.7,0.33,61.0,5.86,Safe
7.59,0.69,85.1,1.73,Safe
6.83,0.14,79.3,31.43,Caution
5.97,0.0,507.9,36.05,Unsafe
7.74,1.29,226.4,9.21,Safe
7.79,2.06,141.3,28.71,Caution
7.1,0.89,121.3,3.01,Safe
6.3,0.03,167.6,21.52,Caution
4.77,3.19,442.3,87.5,Caution
8.89,4.97,439.9,66.07,Unsafe
7.1,1.28,192.8,8.64,Caution
